0	0	0	45.1	35.2	0.357158	0.225	0.0181764	0.279345	0.344179	0.2083	0.0998769	0.0653108	9.87623	0.781025	0.0306495	0.523808	0.00161562	0.0612559	0.058536	0.0521545	0.0370624	0.0245525
0	0	1	19.625	35.125	0.162936	0.375	0.0133645	0.270555	0.333653	0.189873	0.116587	0.0787871	10.6224	2.36841	0.0263724	1.01704	0.000317491	0.161257	0.138378	0.119349	0.0886266	0.0613138
0	0	2	15.15	35.15	0.151784	0.3	0.0132604	0.217181	0.350559	0.24325	0.101489	0.0809574	7.02691	1.47564	0.0231369	0.6	0.000300031	0.14551	0.148959	0.163992	0.0872727	0.0728265
0	0	3	15.4	34.125	0.152112	0.525	0.0132506	0.26899	0.326445	0.198527	0.121519	0.0802927	7.36817	3.32556	0.0282057	0.974359	0.000371222	0.177051	0.194433	0.115997	0.102403	0.130614
0	0	4	11.05	33.725	0.141641	0.475	0.013231	0.261966	0.297352	0.191999	0.136221	0.099641	5.72254	2.50986	0.0224132	1.34141	0.000269051	0.17227	0.209978	0.134199	0.0915522	0.110292
0	1	0	1.2	16.95	0.0322341	0.425	0.0125618	0.01875	0.0208333	0.0810498	0.035092	0.103669	2.46171	21.1139	0.0402235	0.862772	0.000287653	0.0863767	0.073951	0.15826	0.102218	0.195051
0	1	1	15.05	35.4	0.148399	0.1	0.0131439	0.229463	0.323559	0.233629	0.115895	0.0938795	8.27632	2.39583	0.0236507	0.374166	0.000345662	0.179512	0.161135	0.134867	0.109516	0.0983632
0	1	2	15.7	35.15	0.154261	0.075	0.0131591	0.218606	0.354973	0.226477	0.133507	0.0614283	7.0647	1.52561	0.0231005	0.263391	0.000293164	0.144984	0.123472	0.1409	0.100021	0.0479169
0	1	3	12.65	34.025	0.153645	0.65	0.0131958	0.240459	0.323896	0.215703	0.143349	0.0632652	6.87223	2.01851	0.0245353	1.10793	0.000275904	0.155165	0.133933	0.120295	0.110054	0.0612186
0	1	4	11.35	33.875	0.149423	0.35	0.0131685	0.223724	0.328681	0.227341	0.136246	0.0837266	8.13803	3.01817	0.0289883	0.792149	0.00027694	0.159022	0.172988	0.161982	0.117767	0.103267
0	2	0	10.95	34.625	0.113272	0.5	0.0133582	0.107762	0.185798	0.212887	0.195665	0.2304	7.24897	8.15073	0.034468	0.774597	0.000848776	0.134691	0.150176	0.159416	0.172061	0.190228
0	2	1	17.55	36.275	0.147418	0.35	0.0130883	0.263924	0.287062	0.212201	0.130398	0.0976693	10.433	2.20213	0.0220356	1.06184	0.000264327	0.164897	0.161179	0.123789	0.0972316	0.0864063
0	2	2	13.325	34.9	0.153541	0.35	0.0132587	0.22641	0.305292	0.215861	0.152722	0.0923083	6.55129	2.44745	0.0253788	0.759934	0.000308087	0.150697	0.156163	0.131695	0.0905629	0.0909768
0	2	3	13.275	33.825	0.155012	0.4	0.0131592	0.236202	0.317525	0.248154	0.123842	0.0681754	4.26021	2.6729	0.026416	0.734847	0.000318628	0.120035	0.147947	0.12439	0.100117	0.0513485
0	2	4	12.325	32.975	0.149406	0.2	0.0131444	0.212378	0.348603	0.238086	0.133278	0.0672933	6.23453	3.29763	0.0217176	0.4	0.000250187	0.145321	0.16798	0.137617	0.112449	0.0596165
4	0	0	1.325	12.9	0.115574	0.65	0.0131823	0.412656	0.12204	0.0611372	0.0229167	0.00625	1.57142	10.4518	0.096677	1.25599	0.000244338	0.361301	0.172875	0.128296	0.0811966	0.0390312
4	0	1	0.35	4.425	0.0229528	0.6	0.0130904	0.0640351	0.0679825	0.0304825	0.00833333	0.00416667	0.93675	9.68217	0.0501817	1.2	0.000299964	0.191694	0.203177	0.117147	0.0520416	0.0260208
4	0	2	0.225	3.425	0.0289989	0.25	0.0132053	0.0658333	0.0633333	0.0375	0.00833333	0	0.523808	7.57261	0.0644505	0.48734	0.000302326	0.162016	0.161727	0.126313	0.0520416	0
4	0	3	0.325	5.125	0.033586	0.35	0.0132259	0.0952381	0.078869	0.0279762	0.0166667	0	0.647592	9.62078	0.0630543	1.06184	0.000272639	0.208197	0.169087	0.10142	0.104083	0
4	0	4	0.4	4.675	0.0275919	0.3	0.0131655	0.0623775	0.0540441	0.0394118	0.0358333	0.00833333	1.11355	9.4244	0.0559968	0.748331	0.000279501	0.157566	0.153993	0.130821	0.145562	0.0520416
4	1	0	0.175	3.8	0.0265543	0.45	0.0130819	0.0445833	0.0445833	0.0695833	0.01125	0.005	0.379967	8.47113	0.0596981	0.973396	0.000253406	0.131307	0.108102	0.183934	0.0493552	0.031225
4	1	1	0.625	5.625	0.0385229	0.4	0.0131803	0.0752323	0.087863	0.0452381	0.0333333	0.00833333	1.49478	9.98921	0.0679836	0.888819	0.000271237	0.175904	0.196235	0.111142	0.124722	0.0520416
4	1	2	0.425	4.55	0.0371797	0.3	0.0131805	0.0817029	0.0594203	0.0640399	0.019837	0	1.06975	8.55555	0.0698447	0.640312	0.00024259	0.191291	0.145497	0.161544	0.0684724	0
4	1	3	0.4	6.85	0.0457983	0.45	0.0131596	0.11131	0.093006	0.0456845	0.0354167	0.0145833	0.663325	10.6549	0.0722671	0.835165	0.000325815	0.196493	0.199772	0.1171	0.110062	0.0642464
4	1	4	0.7	7.2	0.0438586	0.4	0.0131334	0.119867	0.0742708	0.0781534	0.0227083	0.005	2.22711	11.2187	0.068614	0.768115	0.000285659	0.232947	0.176309	0.153762	0.0779954	0.031225
4	2	0	0.45	4.075	0.0329875	0.35	0.0130786	0.0745294	0.0896221	0.0243354	0.0115132	0	1.11692	8.3797	0.0667323	0.759934	0.000302124	0.174233	0.219212	0.0794657	0.0503784	0
4	2	1	0.3	5.375	0.0399301	0.325	0.0131406	0.0954167	0.0841667	0.04875	0.0216667	0	0.556776	9.41724	0.0710473	0.685109	0.000290899	0.229583	0.236054	0.142565	0.0780135	0
4	2	2	0.275	4.125	0.0307362	0.25	0.0131835	0.0770833	0.0416667	0.0604167	0.0208333	0	0.59108	8.32222	0.0626973	0.433013	0.000306745	0.181034	0.104167	0.129418	0.073951	0
4	2	3	0.875	6.275	0.0510795	0.25	0.013111	0.126957	0.0831944	0.0712621	0.018587	0	2.4514	9.84121	0.0799897	0.580948	0.000307695	0.224299	0.177263	0.131311	0.0646065	0
4	2	4	0.25	4.075	0.0259656	0.25	0.013201	0.0582051	0.0576282	0.0425	0.00833333	0	0.622495	8.88928	0.057659	0.698212	0.000303077	0.197607	0.157267	0.139042	0.0520416	0
5	0	0	3.8	17.175	0.138055	0.575	0.0133867	0.547725	0.135991	0.056176	0.0248512	0.00277778	4.38862	10.1215	0.0827273	1.32075	0.000346757	0.326115	0.132255	0.117272	0.0618574	0.0173472
5	0	1	0.4	5.3	0.0371594	0.35	0.0132229	0.0854167	0.0972756	0.0342949	0.0205128	0.0125	0.830662	9.27955	0.0647405	0.759934	0.000321048	0.200249	0.193707	0.111006	0.0756736	0.0575845
5	0	2	0.75	8.425	0.0579669	0.55	0.0131729	0.159712	0.111607	0.0636806	0.0229861	0.0138889	1.25996	11.1263	0.0777408	1.22372	0.00027235	0.249569	0.201498	0.144195	0.0690013	0.0618017
5	0	3	0.325	4.625	0.0371724	0.5	0.0131961	0.086526	0.0878247	0.0341991	0.0141775	0.00227273	0.685109	8.72264	0.0704648	0.974679	0.000269119	0.188474	0.188096	0.124765	0.0573898	0.0141932
5	0	4	0.4	6.2	0.0462778	0.275	0.0130843	0.0989583	0.119494	0.0696429	0.0119048	0	0.663325	9.57131	0.0717729	0.59108	0.000280575	0.185332	0.214097	0.165526	0.0560915	0
5	1	0	0.375	5.75	0.0372705	0.475	0.01312	0.0347222	0.0831944	0.0834722	0.0395833	0.00625	0.73101	9.99187	0.0654844	1.07209	0.000286509	0.0933247	0.187764	0.193232	0.123586	0.0390312
5	1	1	0.55	9.3	0.0734447	0.375	0.0132676	0.123942	0.140908	0.122596	0.0597756	0.00277778	0.705337	10.6047	0.0854425	0.764444	0.00034844	0.1734	0.227171	0.194471	0.122228	0.0173472
5	1	2	0.625	7.775	0.0522204	0.4	0.0130688	0.126806	0.120278	0.0679167	0.0266667	0.00833333	1.04133	10.8616	0.0727289	0.663325	0.00027461	0.234471	0.214891	0.124917	0.0879394	0.0520416
5	1	3	0.475	6.825	0.0520877	0.5	0.0131655	0.114457	0.114854	0.0598936	0.0191288	0.00833333	0.805838	10.2296	0.0778335	1.04881	0.000248753	0.224394	0.215199	0.125882	0.0692879	0.0520416
5	1	4	0.925	11.3	0.0702316	0.375	0.0131452	0.173011	0.165833	0.0931376	0.0240783	0.0189394	1.23263	12.2213	0.0759089	0.61998	0.000260387	0.261313	0.231449	0.166736	0.0701706	0.0735083
5	2	0	0.25	4.7	0.0347714	0.25	0.0130561	0.0729167	0.104167	0.0479167	0	0	0.48734	8.86341	0.0659206	0.48734	0.000249174	0.169955	0.224961	0.114697	0	0
5	2	1	0.725	8.35	0.0604797	0.4	0.0131917	0.130176	0.15269	0.0681385	0.0239951	0	1.3036	11.0012	0.0798164	0.860233	0.000337136	0.216299	0.230207	0.140436	0.0744517	0
5	2	2	0.375	5.1	0.0396618	0.525	0.0131394	0.0720238	0.106151	0.0646825	0.00714286	0	0.73101	8.93252	0.070052	0.999687	0.000340252	0.182612	0.215293	0.168025	0.031135	0
5	2	3	0.35	5.85	0.035116	0.375	0.0132109	0.096875	0.059375	0.0583333	0.0104167	0.0166667	0.653835	10.3067	0.0620412	1.1333	0.000330156	0.200777	0.152493	0.130703	0.0369755	0.0726483
5	2	4	0.925	7.925	0.0539255	0.65	0.0131263	0.104807	0.142068	0.0725298	0.0222619	0	1.64905	10.9827	0.0749123	1.66658	0.000274163	0.192062	0.24047	0.165668	0.077272	0
6	0	0	5.775	20.15	0.17898	0.375	0.013253	0.663607	0.185027	0.0559701	0.0105054	0.000961538	4.08954	6.77698	0.0626122	1.04133	0.000263534	0.254766	0.143437	0.0959179	0.0240249	0.00600481
6	0	1	1.05	8.625	0.0633015	0.5	0.01317	0.187827	0.15158	0.0459905	0.00626984	0.00833333	1.85674	10.6951	0.0790139	1.20416	0.000265883	0.262809	0.214251	0.0953199	0.0348664	0.0520416
6	0	2	0.8	8.1	0.0693379	0.325	0.013251	0.193278	0.119407	0.0502318	0.0204167	0.00833333	1.28841	10.1213	0.0860655	1.00964	0.000312673	0.288709	0.225842	0.106941	0.067955	0.0520416
6	0	3	0.475	6.775	0.0427585	0.525	0.0131477	0.0707143	0.123155	0.0425595	0.0489881	0.00625	0.865664	10.494	0.0664077	1.22449	0.000371939	0.150627	0.226053	0.110493	0.124412	0.0390312
6	0	4	0.65	8.525	0.0562644	0.85	0.0131793	0.139018	0.11497	0.0760119	0.0304167	0.00833333	1.19478	11.36	0.075534	1.35185	0.000322519	0.239703	0.205859	0.145764	0.0884188	0.0520416
6	1	0	0.175	3.45	0.0217796	0.175	0.0131354	0.00833333	0.0791667	0.0479167	0.00625	0.00833333	0.44088	8.47629	0.0534023	0.379967	0.000328377	0.0520416	0.210777	0.155777	0.0390312	0.0520416
6	1	1	0.625	6.825	0.0501865	0.475	0.0131835	0.0985644	0.122374	0.0740196	0.030042	0	1.62308	10.0371	0.0736639	0.921615	0.000279813	0.183934	0.226628	0.173254	0.0895964	0
6	1	2	0.85	7.125	0.0499666	0.35	0.0131433	0.119345	0.129315	0.052381	0.0239583	0	1.58981	10.3638	0.0728387	0.526783	0.000284959	0.19353	0.232347	0.112107	0.076766	0
6	1	3	0.7	8.6	0.0541034	0.25	0.0131072	0.113436	0.142781	0.0896158	0.01875	0.0104167	1.02956	11.2423	0.0712161	0.661438	0.000296236	0.194591	0.228991	0.163886	0.0684336	0.0463512
6	1	4	0.45	6.4	0.0450882	0.275	0.0131907	0.146613	0.063355	0.0745563	0.0154762	0	0.804674	9.84835	0.0705692	0.59108	0.000317566	0.265016	0.155029	0.152907	0.0676689	0
6	2	0	0.45	6.25	0.0464958	0.725	0.0130518	0.0575	0.138333	0.08125	0.0229167	0	0.920598	9.68956	0.0720593	1.64298	0.000251218	0.158944	0.280109	0.191383	0.0811966	0
6	2	1	0.5	6.65	0.046784	0.325	0.0131604	0.11375	0.113333	0.0451389	0.025	0.00277778	0.921954	10.5156	0.0738162	0.519013	0.000306443	0.211571	0.230404	0.104062	0.0804597	0.0173472
6	2	2	0.55	8.075	0.0583764	0.325	0.0131819	0.154583	0.109286	0.0852976	0.01125	0.0145833	0.835165	10.7689	0.0775433	0.647592	0.000328231	0.245099	0.196177	0.17006	0.0493552	0.0642464
6	2	3	0.425	6.125	0.051569	0.5	0.0131794	0.07125	0.158333	0.03375	0.0283333	0	0.737818	9.63636	0.0798885	0.921954	0.000334812	0.166624	0.283284	0.114776	0.0973396	0
6	2	4	0.65	6.85	0.0517211	0.35	0.0131944	0.11309	0.127641	0.0692695	0.015	0	1.4239	10.0587	0.0758372	0.726292	0.000248802	0.200285	0.225913	0.150412	0.0591373	0
7	0	0	6.075	22.55	0.18682	0.375	0.0133468	0.702634	0.249149	0.0374745	0.00343745	0.00228175	3.5312	3.96831	0.0357685	1.01704	0.000312018	0.135124	0.139194	0.0756795	0.0107233	0.0101903
7	0	1	1.2	10.825	0.0768407	0.3	0.0131327	0.152728	0.184653	0.094198	0.0321429	0.00711207	1.96469	11.9392	0.0837191	0.6	0.000320354	0.221575	0.22161	0.140366	0.0966488	0.0392638
7	0	2	1.4	9.825	0.0696436	0.525	0.0131634	0.162099	0.172861	0.0598321	0.0378472	0.0142361	2.90517	11.1823	0.0797477	0.974359	0.000317064	0.238388	0.221643	0.118248	0.0941984	0.0572222
7	0	3	0.8	9.525	0.0558048	0.475	0.0131424	0.137763	0.166977	0.0700613	0.0251984	0	1.30767	11.8554	0.0692799	1.34141	0.000238105	0.218031	0.232028	0.130398	0.0781834	0
7	0	4	0.6	9.15	0.0595767	0.325	0.0130749	0.156939	0.108952	0.0841095	0.025	0	0.969536	11.5316	0.0752068	0.607762	0.000204241	0.249978	0.199	0.17534	0.0877971	0
7	1	0	0.225	4.35	0.0301988	0.1	0.0131429	0.01625	0.0883333	0.0770833	0.0133333	0.005	0.473682	8.79645	0.0611454	0.374166	0.000327717	0.0727904	0.21033	0.201028	0.06	0.031225
7	1	1	0.525	7.475	0.0457871	0.075	0.0132358	0.127428	0.100013	0.0538095	0.0395833	0.00416667	0.999687	10.9293	0.067429	0.263391	0.000250139	0.230679	0.231012	0.110897	0.105389	0.0260208
7	1	2	0.625	8.4	0.0555071	0.65	0.0132546	0.126385	0.109679	0.0930124	0.032035	0.0138889	1.1333	11.2734	0.0745813	1.10793	0.000290829	0.224272	0.169602	0.172374	0.100308	0.0618017
7	1	3	0.375	6.4	0.0401418	0.35	0.013177	0.103125	0.0677083	0.0635417	0.040625	0	0.659071	10.7652	0.0679969	0.792149	0.000263773	0.25413	0.158028	0.177753	0.115428	0
7	1	4	1.125	10.65	0.0754082	0.4	0.0130943	0.200651	0.115621	0.122008	0.0295518	0.00459559	1.97721	11.4751	0.0819745	0.830662	0.000242676	0.269935	0.161523	0.185957	0.0833462	0.0213544
7	2	0	0.875	8.75	0.057231	0.35	0.0130371	0.0934226	0.127047	0.0771554	0.0440419	0.025	1.50312	11.5299	0.0765577	1.06184	0.000251411	0.174437	0.219413	0.164148	0.129842	0.156125
7	2	1	0.525	5.825	0.0359245	0.35	0.0132088	0.0954861	0.111111	0.0303819	0.0130208	0	1.09516	10.1953	0.0628439	0.759934	0.000333997	0.197036	0.2123	0.0845924	0.059052	0
7	2	2	0.525	7.925	0.0504991	0.4	0.0131851	0.134794	0.100271	0.102435	0.0125	0	0.805838	11.0779	0.0703061	0.734847	0.000340788	0.238561	0.211566	0.226787	0.0575845	0
7	2	3	0.4	5.55	0.0450706	0.2	0.0131363	0.0725	0.1425	0.0516667	0.00833333	0	0.830662	9.26809	0.0772303	0.4	0.000211799	0.192914	0.270492	0.137022	0.0520416	0
7	2	4	0.6	6.3	0.0420827	0.375	0.0131014	0.0994444	0.0698413	0.0676984	0.0230159	0.015	1.26095	10.7173	0.0693712	0.659071	0.000265211	0.21459	0.145557	0.127902	0.106772	0.093675
8	0	0	8.425	21.575	0.198374	0.225	0.0134255	0.618274	0.298274	0.0477245	0.0102272	0.0005	4.1886	4.62	0.0436881	0.569539	0.000329254	0.195579	0.169021	0.0507299	0.0290056	0.0031225
8	0	1	0.95	9.225	0.0631576	0.225	0.0131461	0.195147	0.0932057	0.0903977	0.0191667	0.00208333	1.49917	11.5509	0.0821772	0.523808	0.000313725	0.284354	0.159003	0.201561	0.0673455	0.0130104
8	0	2	0.875	7.25	0.0453505	0.2	0.0130688	0.110136	0.0747992	0.0808623	0.026049	0.00815374	1.84645	11.2822	0.0704841	0.458258	0.000228542	0.219149	0.162556	0.179579	0.0739228	0.0396124
8	0	3	0.725	8.475	0.0562496	0.225	0.0131243	0.125902	0.122127	0.101573	0.0237311	0.00166667	1.11775	11.1153	0.0736417	0.417582	0.000287355	0.190739	0.207879	0.206452	0.0755032	0.0104083
8	0	4	0.85	10.7	0.0712868	0.375	0.0131841	0.184795	0.186401	0.0657692	0.0297009	0	1.10793	11.4787	0.0784611	0.885649	0.000335305	0.267425	0.278945	0.132938	0.0889256	0
8	1	0	0.55	7.05	0.043198	0.725	0.0131595	0.0409722	0.150099	0.0839286	0.0166667	0	1.04762	10.9269	0.0667569	1.35992	0.000331269	0.0989894	0.278662	0.202082	0.104083	0
8	1	1	0.775	10.125	0.0670233	0.3	0.013058	0.0968389	0.137653	0.0786706	0.0451299	0.0417073	1.08369	12.3434	0.0833247	0.509902	0.00026467	0.204051	0.235229	0.154601	0.125784	0.135128
8	1	2	1.475	11.425	0.0786002	0.15	0.0131035	0.227927	0.137663	0.092189	0.0372216	0.005	2.25818	11.6359	0.0812956	0.421307	0.00035616	0.254708	0.19166	0.164621	0.0857306	0.031225
8	1	3	0.975	9.825	0.0807707	0.475	0.013203	0.190945	0.173135	0.0485714	0.0514394	0.00333333	1.72464	10.6955	0.0865359	1.16163	0.000319898	0.241165	0.226748	0.0967438	0.120495	0.0208167
8	1	4	0.625	6.6	0.0553782	0.125	0.0131756	0.153274	0.104315	0.0535218	0.00555556	0.00833333	1.08829	9.86357	0.082028	0.399218	0.00034211	0.255026	0.18072	0.109577	0.0346944	0.0520416
8	2	0	0.6	9.45	0.0646251	0.525	0.0130698	0.0935897	0.153045	0.103686	0.0496795	0.00833333	0.943398	11.3643	0.0783324	1.09516	0.000298939	0.185592	0.260154	0.158522	0.111175	0.0520416
8	2	1	0.7	10.775	0.0687431	0.35	0.0131037	0.160895	0.177534	0.0767496	0.0375	0.0223214	0.87178	11.6779	0.0740825	0.572276	0.00026212	0.221671	0.256424	0.139447	0.0939016	0.088456
8	2	2	0.675	7.4	0.0423017	0.45	0.0131372	0.0945833	0.130278	0.0409722	0.03	0.00416667	1.21218	11.5169	0.065609	0.772981	0.000288702	0.17618	0.22968	0.108117	0.0991071	0.0260208
8	2	3	0.95	10.375	0.0597252	0.5	0.0131057	0.132218	0.159903	0.0784305	0.0416667	0.00488722	1.56445	12.4272	0.0709537	0.974679	0.000317714	0.238839	0.278713	0.158835	0.155902	0.0235706
8	2	4	1.05	11.95	0.0696653	0.25	0.0131566	0.168146	0.164442	0.131897	0.0271825	0	1.80208	12.1387	0.0714929	0.698212	0.000221567	0.247774	0.190726	0.208333	0.079561	0
10	0	0	16.25	24.925	0.21435	0.4	0.0135449	0.625211	0.312337	0.0411817	0.0162147	0.00272242	6.39824	3.00323	0.0266477	1.15758	0.000321708	0.125366	0.102195	0.0507703	0.023553	0.00952584
10	0	1	1.9	12.15	0.0841988	0.3	0.0131599	0.204483	0.1709	0.125642	0.0216905	0.000362319	2.57682	12.0945	0.0830947	0.979796	0.000320981	0.258438	0.22413	0.194967	0.0527669	0.00226268
10	0	2	1.8	12.95	0.0845004	0.275	0.0132101	0.226469	0.192174	0.0764663	0.0348909	0.02	3.0348	11.9978	0.0789667	0.446514	0.00028612	0.280667	0.209491	0.147606	0.094423	0.1249
10	0	3	0.8	8.4	0.0718129	0.325	0.0131467	0.170656	0.145108	0.0677486	0.0164871	0	1.63095	10.9311	0.101449	0.565133	0.000308945	0.253668	0.246576	0.157342	0.0799908	0
10	0	4	1.35	11.825	0.0757251	0.475	0.0131099	0.197062	0.179823	0.078373	0.0447421	0	3.18237	12.0787	0.0793734	0.805838	0.000284547	0.237414	0.219346	0.140399	0.0986572	0
10	1	0	0.3	5.725	0.0334716	0.45	0.0131053	0.025	0.05	0.1	0.0416667	0.0333333	0.6	9.99997	0.0584522	1.13908	0.000322896	0.115169	0.140436	0.249444	0.133073	0.124722
10	1	1	2.175	12.7	0.0843863	0.825	0.0131551	0.192215	0.193792	0.129366	0.0196475	0.00277778	4.30051	11.9879	0.0800869	1.41222	0.000240983	0.224924	0.225589	0.192139	0.0500962	0.0173472
10	1	2	1.45	10.925	0.0742079	0.35	0.0132056	0.177717	0.197897	0.0759904	0.0233958	0	2.46931	11.7077	0.0804894	0.759934	0.000308897	0.263984	0.261991	0.128681	0.0641722	0
10	1	3	1.1	11.75	0.0777468	0.3	0.0131102	0.202598	0.186491	0.082697	0.0257143	0.0025	1.51327	12.0099	0.0802762	0.6	0.000249971	0.263149	0.244097	0.148783	0.0874805	0.0156125
10	1	4	1.15	12	0.0809247	0.375	0.0131961	0.175359	0.203249	0.0848431	0.0552987	0.00625	1.57401	11.7919	0.0798062	0.73101	0.000314318	0.233835	0.260916	0.151673	0.120307	0.0390312
10	2	0	0.775	8.775	0.0660681	0.2	0.0131502	0.0915079	0.143194	0.10752	0.0327778	0	1.21424	11.1299	0.0834035	0.4	0.000337886	0.171624	0.278606	0.213686	0.0997822	0
10	2	1	1.85	12.375	0.0732138	0.35	0.0131539	0.172102	0.137686	0.115038	0.0630426	0.0121314	3.0541	12.6327	0.0750346	0.823104	0.000317706	0.224335	0.197488	0.145104	0.118553	0.0540293
10	2	2	1.35	11.825	0.0693661	0.325	0.0131546	0.151848	0.152927	0.114893	0.0348774	0	2.00686	12.7865	0.0738917	0.565133	0.00036355	0.21979	0.227542	0.201917	0.0741663	0
10	2	3	1.775	13.35	0.0852671	0.275	0.0131002	0.223183	0.174689	0.106774	0.0520204	0.0183333	2.36101	11.6866	0.0749708	0.741198	0.000324021	0.269245	0.245098	0.16362	0.101602	0.0730107
10	2	4	1.55	10.975	0.0736198	0.675	0.0131238	0.169087	0.142404	0.0802404	0.0476628	0.00227273	2.6072	12.4569	0.0831373	1.19138	0.000307806	0.258702	0.186317	0.141275	0.122795	0.0141932
12	0	0	19.6	24.05	0.22839	0.35	0.0135671	0.572738	0.370836	0.0516146	0.00373133	0.00107983	5.86003	3.3087	0.0231722	0.759934	0.000384281	0.0963306	0.100377	0.0355677	0.00820697	0.00405491
12	0	1	2.8	17.025	0.116379	0.55	0.0131548	0.302555	0.276513	0.105723	0.019827	0.00678571	3.39264	11.0465	0.0739647	1.22372	0.000269573	0.267482	0.256307	0.150789	0.0435113	0.0328862
12	0	2	1.25	11.375	0.0821447	0.5	0.0131813	0.154725	0.204339	0.100055	0.0389821	0.00189873	2.38485	11.9451	0.0841233	0.974679	0.000303355	0.222239	0.28373	0.175391	0.103513	0.0118576
12	0	3	1.6	13.5	0.0901457	0.275	0.0130661	0.285413	0.130899	0.113345	0.0640937	0.00625	3.05614	11.3688	0.0768283	0.59108	0.000292534	0.297064	0.179824	0.18136	0.159235	0.0390312
12	0	4	2.1	13.05	0.0834992	0.325	0.0131309	0.210817	0.20429	0.104568	0.0252774	0.00504808	3.36749	12.1531	0.0782138	0.519013	0.000329176	0.274129	0.25756	0.147845	0.0768645	0.0226511
12	1	0	0.4	5.7	0.0294463	0.375	0.0131663	0.00857143	0.0348214	0.094881	0.0579167	0.0288095	0.830662	10.7522	0.0558697	0.764444	0.000344438	0.0379043	0.121446	0.209246	0.160338	0.0881271
12	1	1	1.75	16.675	0.104062	0.4	0.0130611	0.199181	0.301578	0.139143	0.0573199	0.00277778	1.94615	11.3938	0.0707721	0.663325	0.000262097	0.184148	0.292918	0.188819	0.0990635	0.0173472
12	1	2	1.425	15.4	0.0994512	0.5	0.0131614	0.238544	0.212287	0.137138	0.0422505	0.0197802	1.57936	11.8254	0.0767478	1.04881	0.000236278	0.278146	0.255072	0.191175	0.122584	0.0634794
12	1	3	1.65	15.175	0.0928554	0.375	0.0131149	0.261869	0.223734	0.0886728	0.0488724	0.00185185	1.79652	12.1365	0.0738474	0.61998	0.000274397	0.257766	0.256506	0.13726	0.101335	0.0115648
12	1	4	1.725	13.125	0.0893165	0.625	0.0132007	0.218112	0.208676	0.0741452	0.0469699	0.0191425	2.99155	11.9754	0.0819758	1.31696	0.000326451	0.26754	0.260732	0.129237	0.103003	0.0846486
12	2	0	1.025	12.65	0.0770947	0.4	0.0131607	0.102083	0.184484	0.118056	0.0648214	0.0277778	1.42281	12.5091	0.0778412	0.860233	0.000311547	0.1612	0.251319	0.177222	0.141313	0.156643
12	2	1	1.3	13.375	0.088324	0.525	0.0131866	0.180731	0.269787	0.078316	0.0329087	0.0102564	1.64621	11.9993	0.0791514	0.999687	0.000327068	0.230185	0.275617	0.127591	0.0832799	0.0531085
12	2	2	1.875	12.3	0.0887836	0.375	0.0131624	0.217221	0.180788	0.125508	0.019426	0.00705645	2.85646	11.3671	0.0829052	1.1333	0.000301713	0.243466	0.233046	0.177556	0.0515817	0.0392265
12	2	3	2.55	17.85	0.106307	0.65	0.0130984	0.261719	0.320399	0.0974306	0.0194079	0.00828008	3.14603	11.3832	0.0687828	1.66658	0.000285367	0.293565	0.278077	0.156565	0.0683767	0.0397945
12	2	4	1.95	13.7	0.082535	0.55	0.0132002	0.212299	0.24777	0.0433161	0.0355811	0.005	2.98287	12.602	0.0775362	1.07121	0.000312527	0.253788	0.278235	0.085407	0.0797333	0.031225
15	0	0	27.5	24.875	0.250474	0.225	0.0135484	0.507736	0.391098	0.0911343	0.00758618	0.00199101	9.35414	3.37037	0.035554	0.523808	0.000384922	0.118434	0.109072	0.0408886	0.0142853	0.00654675
15	0	1	3.275	19.3	0.122354	0.2	0.0130689	0.304835	0.283628	0.12362	0.0479456	0.0149724	3.32406	11.1315	0.0689947	0.458258	0.00022947	0.268529	0.269829	0.163665	0.0847484	0.0471386
15	0	2	2.7	18.725	0.111951	0.225	0.0131917	0.235975	0.271037	0.158695	0.0543204	0.0299716	3.16386	11.296	0.0692197	0.417582	0.000254658	0.260681	0.231932	0.195752	0.0916784	0.110292
15	0	3	2	17.3	0.113826	0.375	0.0132249	0.292271	0.240561	0.145925	0.0574157	0.0119048	2.08567	10.6799	0.070403	0.885649	0.000273841	0.260197	0.266847	0.171174	0.108956	0.041921
15	0	4	2.175	15.1	0.103341	0.4	0.0131156	0.221625	0.266077	0.0974312	0.0511534	0.0137127	2.47878	11.4582	0.0797295	0.7	0.000340321	0.229893	0.234662	0.140181	0.102798	0.042353
15	1	0	0.45	8.825	0.042805	0.3	0.0129783	0.0025	0.0741667	0.122292	0.0270833	0.065625	0.739932	13.0727	0.0650875	0.509902	0.000222108	0.0156125	0.159902	0.255817	0.0992813	0.195187
15	1	1	2.55	18.325	0.109865	0.15	0.0131129	0.290387	0.273538	0.118823	0.049544	0.0177083	2.86313	11.1588	0.0665615	0.421307	0.000349626	0.224121	0.254078	0.1442	0.0860448	0.0610154
15	1	2	2.35	19.35	0.115154	0.475	0.0132482	0.260741	0.265415	0.187055	0.0425977	0.0126691	2.38275	10.7855	0.0657351	1.16163	0.000327275	0.248504	0.22681	0.197145	0.0936131	0.0454099
15	1	3	2.625	18.2	0.117651	0.125	0.0131173	0.258359	0.296488	0.159001	0.0239572	0.0121958	2.76304	10.824	0.0733669	0.399218	0.00032466	0.248361	0.23007	0.197193	0.0477909	0.0390288
15	1	4	1.525	13.875	0.0787845	0.325	0.0132229	0.154829	0.186048	0.13027	0.0383428	0.0155099	2.08552	13.5078	0.0779065	0.565133	0.000306609	0.22252	0.255992	0.227001	0.0910259	0.0545928
15	2	0	2.025	15.825	0.080151	0.35	0.0130253	0.119526	0.164186	0.138595	0.0785539	0.0441392	2.74306	14.2984	0.0715391	0.572276	0.000292808	0.192875	0.204039	0.211327	0.169252	0.172001
15	2	1	2.55	16.025	0.0992812	0.45	0.0131143	0.192502	0.307675	0.0962275	0.036792	0.0168036	2.96606	12.2607	0.0756107	0.772981	0.000298874	0.211663	0.301293	0.140114	0.0701752	0.06067
15	2	2	2.85	16.425	0.0949163	0.5	0.0131257	0.221007	0.201923	0.152443	0.057849	0.0151389	3.77856	12.5018	0.0733594	0.974679	0.000370427	0.233199	0.230855	0.1879	0.109524	0.058161
15	2	3	2.675	19.375	0.111302	0.25	0.013138	0.280057	0.251163	0.16138	0.0447884	0.0332637	2.57281	11.0243	0.063703	0.698212	0.000219927	0.237244	0.233082	0.144719	0.0888917	0.0807599
15	2	4	1.425	16.975	0.110224	0.425	0.0132237	0.290436	0.235655	0.127938	0.0715659	0.0202381	1.24273	10.338	0.0671024	0.891277	0.000274978	0.247267	0.26048	0.184621	0.153425	0.0752076
20	0	0	37.125	26.225	0.271687	0.325	0.0139846	0.457653	0.397489	0.112712	0.0252422	0.00285291	12.1082	3.56712	0.0296235	1.00964	0.000419969	0.0962329	0.0791001	0.0501939	0.0234095	0.00637323
20	0	1	4.3	23.1	0.128786	0.525	0.0131218	0.22246	0.378597	0.179014	0.06746	0.0151349	3.64143	9.50737	0.0530279	1.22449	0.00035032	0.155367	0.263544	0.176919	0.100552	0.039618
20	0	2	4.175	22.475	0.138586	0.85	0.0131473	0.325413	0.296201	0.171858	0.0504229	0.0204104	3.85932	9.53412	0.0729356	1.35185	0.000252739	0.294218	0.230397	0.170657	0.0889853	0.0604415
20	0	3	3.65	23.275	0.122554	0.35	0.0131787	0.249226	0.275043	0.199193	0.124721	0.0268173	3.03768	9.38613	0.0509126	0.572276	0.000238006	0.201783	0.213293	0.188846	0.159132	0.0686431
20	0	4	3.4	16.075	0.093045	0.425	0.0131528	0.17921	0.251895	0.153805	0.0354513	0.00463836	4.25323	13.0545	0.075645	0.586835	0.000342236	0.212492	0.228322	0.18681	0.080955	0.0261119
20	1	0	0.6	8.475	0.0371482	0.35	0.0129586	0.027408	0.0451732	0.126548	0.0279924	0.0478788	1.22066	13.3959	0.0592281	0.526783	0.000260559	0.0831939	0.112788	0.241626	0.0895633	0.138567
20	1	1	4.1	21.85	0.126618	0.25	0.0131775	0.287852	0.273096	0.219509	0.0531792	0.0163644	3.84578	9.67355	0.0566767	0.661438	0.000301717	0.237457	0.215246	0.197367	0.0980339	0.056292
20	1	2	3.575	21.425	0.121155	0.275	0.0131855	0.30226	0.284497	0.149136	0.0732427	0.0158641	3.55589	10.4209	0.0598805	0.59108	0.000302691	0.245715	0.277719	0.175547	0.124524	0.0583697
20	1	3	2.725	18.15	0.109763	0.35	0.0131934	0.287763	0.271067	0.132947	0.0465568	0.00666667	2.71097	10.8202	0.0673938	0.93675	0.000344401	0.244754	0.225598	0.17385	0.121806	0.0235112
20	1	4	3.225	16.9	0.1009	0.25	0.0131301	0.214669	0.211427	0.172995	0.0565039	0.0131548	4.74599	12.0453	0.0734831	0.580948	0.000270636	0.248869	0.248075	0.227939	0.106459	0.0563687
20	2	0	1.35	15.325	0.0844022	0.325	0.0130298	0.060887	0.175044	0.187779	0.0772607	0.04903	1.60546	13.8697	0.0762356	0.647592	0.000353036	0.109069	0.220116	0.210789	0.153978	0.132545
20	2	1	4.175	21.225	0.124452	0.5	0.0131685	0.23176	0.307193	0.173509	0.0915164	0.0144639	5.30041	10.3162	0.0613507	0.921954	0.000324458	0.21082	0.261456	0.186633	0.12438	0.0471401
20	2	2	5.025	20.075	0.12208	0.35	0.0131833	0.28639	0.305921	0.109271	0.0831599	0.0133351	6.9767	10.6639	0.0657855	0.726292	0.000242984	0.226612	0.27612	0.121348	0.12753	0.0545391
20	2	3	2.525	19.75	0.111354	0.3	0.0130698	0.248741	0.290559	0.145333	0.0759077	0.0144593	2.85471	10.9994	0.0639558	0.748331	0.000228428	0.221609	0.254206	0.179648	0.120457	0.0557006
20	2	4	3.65	19.475	0.118313	0.35	0.013159	0.225082	0.307068	0.159705	0.0582653	0.021033	4.03454	11.0589	0.0676757	1.27574	0.000294047	0.226068	0.263772	0.163874	0.115714	0.0740025
25	0	0	37.075	28.925	0.285923	0.35	0.0140154	0.42759	0.366594	0.149347	0.0443219	0.0113356	9.85492	2.80524	0.0275431	1.06184	0.00054778	0.0939691	0.0906348	0.0573751	0.0237975	0.0113073
25	0	1	7.175	26.625	0.14748	0.3	0.0131848	0.212964	0.350962	0.209536	0.148628	0.0279101	5.63421	6.77749	0.0418038	0.748331	0.000302083	0.18799	0.244486	0.212644	0.194749	0.0571677
25	0	2	5.65	26.575	0.141534	0.475	0.0131923	0.208587	0.335784	0.217831	0.111012	0.0333788	3.91504	8.34232	0.0480774	0.948354	0.00030042	0.169172	0.185632	0.199105	0.125172	0.0709729
25	0	3	6.875	25.525	0.132967	0.525	0.0131162	0.253299	0.33683	0.157348	0.11466	0.0272378	6.63396	9.12411	0.0490648	1.28428	0.000270959	0.199731	0.226254	0.156187	0.125114	0.0508842
25	0	4	4.125	25.025	0.133905	0.4	0.0130934	0.195941	0.316775	0.192569	0.126165	0.0637112	3.34804	9.03739	0.0543229	1.3	0.000300489	0.173381	0.224041	0.170757	0.192515	0.114313
25	1	0	0.5	6.425	0.0226788	0.45	0.012929	0	0.0291667	0.025	0.025	0.0574405	1.20416	13.1527	0.0464196	0.835165	0.000274251	0	0.117186	0.0877971	0.115169	0.192122
25	1	1	5.9	26.725	0.135793	0.4	0.0131088	0.260315	0.324806	0.206975	0.106695	0.0244841	3.67287	8.33663	0.0485643	0.768115	0.000267122	0.229773	0.225149	0.185687	0.145897	0.0596791
25	1	2	6.275	28.05	0.140917	0.4	0.0131329	0.267427	0.358791	0.211038	0.105828	0.0251173	4.33582	5.64779	0.0302483	0.860233	0.000327972	0.157874	0.213665	0.187824	0.112206	0.0579042
25	1	3	4.95	24.7	0.131068	0.5	0.013131	0.293616	0.284471	0.181223	0.0854731	0.0493351	3.34627	9.02552	0.050381	0.894427	0.000257601	0.245848	0.185813	0.161197	0.120375	0.11796
25	1	4	4.825	27.7	0.133155	0.625	0.0131525	0.325789	0.290386	0.162922	0.104506	0.0538977	3.13757	6.93974	0.0372725	1.2387	0.000320395	0.232874	0.208612	0.164719	0.135932	0.0913767
25	2	0	3.175	22.325	0.104597	0.25	0.0129866	0.13626	0.20475	0.210962	0.102812	0.0952153	3.50633	13.6682	0.0699024	0.580948	0.000340534	0.185304	0.213475	0.216548	0.160074	0.130523
25	2	1	7.1	28.1	0.147207	0.25	0.0131274	0.29335	0.39109	0.168187	0.0969128	0.0437535	5.22877	3.46266	0.0277678	0.698212	0.000277409	0.186426	0.197956	0.133002	0.131554	0.0787362
25	2	2	7.6	26.35	0.136126	0.725	0.0131973	0.269865	0.307081	0.233825	0.0735606	0.0248683	6.69253	7.97041	0.045479	1.41399	0.000319572	0.224256	0.211445	0.22081	0.108183	0.0581429
25	2	3	4.3	25.775	0.137315	0.575	0.0132113	0.285641	0.308413	0.205024	0.0701975	0.0478937	3.35559	7.81181	0.048642	1.06975	0.000377583	0.21806	0.232547	0.194909	0.121814	0.106197
25	2	4	5.825	25.95	0.133343	0.275	0.0130978	0.280908	0.334907	0.186557	0.0788606	0.0401281	6.89524	7.97167	0.0452011	0.59108	0.00027276	0.214085	0.20716	0.21949	0.130358	0.0764583
30	0	0	43.075	30.35	0.323652	0.5	0.0143053	0.369309	0.358743	0.187227	0.0669221	0.0159807	9.62909	2.11601	0.0424532	1.07238	0.000748723	0.088596	0.0717148	0.0565157	0.0335155	0.0106158
30	0	1	11.525	28.6	0.15468	0.55	0.0131413	0.275602	0.292547	0.227732	0.144915	0.0275755	8.0808	4.94874	0.0407466	1.28355	0.00024808	0.193857	0.180402	0.136859	0.154706	0.0490202
30	0	2	9.225	28.05	0.150035	0.325	0.0132791	0.284419	0.306027	0.24253	0.102824	0.0323818	5.98535	4.87314	0.0376823	0.787004	0.000325493	0.186291	0.185975	0.170822	0.101974	0.0473238
30	0	3	7.25	25.9	0.136664	0.35	0.0132411	0.247053	0.340127	0.201737	0.119619	0.0152152	7.92701	7.94921	0.0463853	0.61441	0.000337123	0.166706	0.205003	0.169803	0.175935	0.0272535
30	0	4	6.025	26.85	0.140038	0.375	0.0131789	0.28068	0.290846	0.263654	0.111218	0.0203728	5.69863	4.99775	0.0359072	0.82727	0.000290647	0.181287	0.19606	0.183463	0.111518	0.04501
30	1	0	0.55	7.35	0.0185468	0.2	0.0128177	0	0.00416667	0.0193182	0.0380682	0.063447	1.13908	14.8063	0.0374128	0.458258	0.000256297	0	0.0260208	0.0704169	0.155548	0.200505
30	1	1	11.35	30.125	0.149602	0.175	0.0131669	0.321676	0.316879	0.220026	0.104192	0.0372263	8.18092	2.96806	0.0267281	0.379967	0.0002789	0.183175	0.19264	0.171309	0.106548	0.0605659
30	1	2	5.725	27.1	0.134963	0.675	0.0131091	0.244693	0.306533	0.218704	0.1248	0.0343012	3.70127	6.81102	0.0383382	1.38542	0.000288051	0.181156	0.151191	0.162391	0.138207	0.0484293
30	1	3	6	25.325	0.133907	0.475	0.0131187	0.300728	0.291411	0.201292	0.100184	0.027479	6.55362	7.76977	0.0439339	0.999687	0.000229128	0.234309	0.209872	0.168776	0.104576	0.0649669
30	1	4	7.225	25.725	0.141455	0.475	0.0131822	0.265259	0.355954	0.201735	0.103694	0.0182819	7.66644	6.34424	0.0415121	0.948354	0.00032945	0.19991	0.187152	0.149518	0.129958	0.0503873
30	2	0	5.575	24.925	0.101095	0.3	0.0129858	0.096128	0.205404	0.220866	0.166716	0.107613	7.01387	12.7522	0.0558727	0.748331	0.00040493	0.136315	0.211445	0.194952	0.194522	0.194572
30	2	1	8.9	26.7	0.129217	0.375	0.0131226	0.203419	0.306397	0.21572	0.117025	0.0566693	8.16333	9.17932	0.050961	0.659071	0.000266836	0.194189	0.198281	0.176669	0.106785	0.0886282
30	2	2	7.625	28.525	0.147197	0.55	0.0131732	0.20616	0.356258	0.26116	0.116866	0.0509789	5.73013	3.01652	0.0327136	0.893029	0.000241639	0.163512	0.18074	0.167928	0.100326	0.0833283
30	2	3	6.35	26.6	0.135664	0.525	0.0131499	0.197859	0.309076	0.243413	0.1264	0.0444051	6.85766	8.01187	0.0422227	1.24474	0.000308176	0.158681	0.203481	0.209364	0.133064	0.0921616
30	2	4	4.975	22.925	0.117202	0.45	0.0131013	0.252498	0.297647	0.17703	0.0750554	0.017001	5.43363	11.0688	0.0570783	1.13908	0.000267365	0.260744	0.246077	0.160928	0.141386	0.0530156
40	0	0	36.325	25.675	0.295064	0.325	0.0145637	0.410279	0.393154	0.157462	0.0360449	0.00305979	9.95085	2.38104	0.0277122	0.519013	0.000733511	0.0772568	0.0710486	0.0592014	0.0155956	0.00413583
40	0	1	6.85	26.175	0.158242	0.525	0.0131817	0.30189	0.370422	0.182	0.097153	0.0172432	4.7146	5.25303	0.036514	0.836286	0.000270667	0.220648	0.2211	0.146901	0.134956	0.0487112
40	0	2	4.875	23	0.126094	0.325	0.0131893	0.190409	0.312783	0.182853	0.0851362	0.0369653	3.94454	11.382	0.0635623	1.03411	0.00026565	0.18134	0.239385	0.178914	0.0844052	0.12273
40	0	3	5.1	23.925	0.127571	0.425	0.0131975	0.299709	0.258806	0.208235	0.0722027	0.0231683	4.90306	9.99847	0.0527755	0.862772	0.000292553	0.239378	0.205981	0.203741	0.102336	0.0496178
40	0	4	5.025	24.375	0.131239	0.1	0.0132144	0.232663	0.279632	0.221667	0.113338	0.0527006	3.38738	8.46371	0.0491762	0.374166	0.000327638	0.183884	0.203203	0.160526	0.159072	0.15247
40	1	0	0.55	9.4	0.0269856	0.625	0.0128157	0.0145833	0.0158333	0.0804167	0.0105556	0.0786111	1.41333	15.3016	0.0451042	1.31696	0.000264042	0.0642464	0.080273	0.227879	0.0460776	0.225902
40	1	1	5.05	23.775	0.127464	0.325	0.0131925	0.269663	0.332414	0.178824	0.0835669	0.0347743	5.10857	8.61245	0.0466627	0.565133	0.000278769	0.27051	0.245002	0.180376	0.09743	0.0748392
40	1	2	3.975	23.825	0.128351	0.525	0.0131953	0.252742	0.296181	0.225297	0.0959823	0.0267422	3.13439	8.49084	0.0488972	1.26466	0.000324135	0.236201	0.20707	0.192406	0.139994	0.0676245
40	1	3	5.2	21.6	0.128525	0.5	0.0131416	0.261745	0.2721	0.203078	0.103854	0.00922231	4.72864	9.55981	0.0592853	0.774597	0.000342305	0.20349	0.220636	0.176973	0.11677	0.0291547
40	1	4	6.325	24.55	0.134814	0.35	0.0131461	0.314783	0.340188	0.157827	0.0783352	0.00608922	5.08128	8.78052	0.0508776	1.06184	0.00026909	0.225148	0.227891	0.125139	0.10254	0.0268029
40	2	0	2.275	20.5	0.093621	0.55	0.0130828	0.120925	0.185793	0.187181	0.105963	0.0796173	2.55917	13.4108	0.0608265	1.07121	0.000505028	0.199477	0.201237	0.228192	0.164979	0.185871
40	2	1	4.525	22.775	0.124162	0.175	0.0131011	0.274958	0.274967	0.158084	0.113451	0.0285397	5.22009	10.1943	0.0574147	0.44088	0.000278336	0.231477	0.192265	0.15058	0.138618	0.061426
40	2	2	5.325	25.9	0.136994	0.4	0.0131972	0.230309	0.341453	0.21784	0.100125	0.0308323	4.66577	8.42852	0.043953	0.916515	0.000313272	0.191833	0.188682	0.179696	0.111153	0.0656279
40	2	3	3.85	24.7	0.122812	0.45	0.0131643	0.226421	0.35092	0.223758	0.0536162	0.0417127	3.36564	8.78408	0.0439543	1.0943	0.000304583	0.229863	0.203505	0.167838	0.0844606	0.104819
40	2	4	3.85	20.65	0.113751	0.275	0.0131842	0.2317	0.290557	0.165928	0.0679403	0.0188743	4.19255	11.8354	0.0648859	0.446514	0.00028308	0.232112	0.239991	0.209913	0.109802	0.0618278
60	0	0	44.175	35.375	0.363637	0.375	0.0156657	0.315846	0.314457	0.197006	0.107054	0.0618414	9.62519	0.61998	0.0280965	0.796477	0.0010084	0.0804797	0.0522737	0.0561671	0.0328345	0.0277644
60	0	1	16.375	35.475	0.165094	0.175	0.0132079	0.251831	0.294782	0.235258	0.130374	0.0838639	10.0067	1.7605	0.0329584	0.379967	0.000326775	0.150289	0.155805	0.139045	0.0857737	0.0763032
60	0	2	14.175	35	0.150609	0.475	0.0132077	0.204286	0.272617	0.219445	0.192974	0.078163	8.70025	5.9203	0.034327	0.921615	0.000300205	0.14153	0.168977	0.129518	0.136303	0.0557717
60	0	3	12.675	33.8	0.150673	0.35	0.0131371	0.231602	0.343576	0.239328	0.1108	0.0699428	6.2745	2.36854	0.0230783	0.526783	0.000284636	0.133899	0.168947	0.149369	0.0954867	0.0503807
60	0	4	9.85	33.125	0.148898	0.25	0.0131289	0.231141	0.314258	0.270031	0.106345	0.0766561	5.13103	2.33653	0.0274375	0.661438	0.000288172	0.171999	0.147252	0.149393	0.123034	0.103512
60	1	0	1.125	12.425	0.0349521	0.275	0.0126672	0	0.025	0.0375	0.0279167	0.179583	2.70359	17.2698	0.0488273	0.805838	0.0002597	0	0.0877971	0.114791	0.0856663	0.338265
60	1	1	14.425	35.625	0.151142	0.725	0.0130894	0.236149	0.273383	0.243348	0.145743	0.0929851	7.45281	1.44374	0.0252603	1.64298	0.000265929	0.144457	0.148379	0.127393	0.113348	0.0795465
60	1	2	13	34.725	0.149153	0.325	0.0131751	0.224388	0.31949	0.209114	0.158069	0.0861791	6.87023	1.81642	0.0202358	0.519013	0.000332659	0.137594	0.178692	0.153873	0.109902	0.0764203
60	1	3	11.175	33.85	0.150758	0.325	0.0131801	0.233362	0.298613	0.226387	0.136409	0.0996048	6.41828	2.85963	0.0290606	0.647592	0.000319457	0.134255	0.158561	0.12981	0.103216	0.115572
60	1	4	10.95	34.175	0.154273	0.5	0.0131698	0.231647	0.307838	0.218062	0.145488	0.0894608	5.53602	1.92208	0.0281639	0.921954	0.000319085	0.144063	0.153951	0.136278	0.101471	0.0973839
60	2	0	9.95	37.65	0.125832	0.325	0.0130295	0.120803	0.261827	0.150814	0.188682	0.258687	8.26423	2.69768	0.0265527	0.607762	0.000568051	0.121367	0.181698	0.145611	0.163712	0.242895
60	2	1	15.525	35.775	0.149944	0.225	0.013256	0.245055	0.3103	0.239962	0.0970854	0.0995167	7.39928	1.78168	0.024737	0.473682	0.000342838	0.180404	0.16128	0.139183	0.0841411	0.116254
60	2	2	14	35.35	0.155021	0.425	0.013177	0.222898	0.325253	0.229329	0.122411	0.0944298	5.95399	1.79652	0.0244512	0.737818	0.000317923	0.117665	0.140283	0.105766	0.0779849	0.0929393
60	2	3	13.075	33.875	0.152078	0.3	0.0132079	0.229878	0.275686	0.243479	0.134306	0.107987	7.40739	1.92597	0.0278306	1.00499	0.000223957	0.170165	0.161598	0.159883	0.106293	0.142455
60	2	4	11.2	33.25	0.151345	0.375	0.0131256	0.240505	0.296107	0.243957	0.137903	0.0768994	6.82349	2.4367	0.0238593	1.01704	0.000342085	0.179414	0.143626	0.133943	0.104344	0.0742449
